-- Insertar datos para tabla COMPANIA
INSERT INTO COMPANIA (nombre) VALUES 
('Airways America'),
('SkyHigh Airlines'),
('Globex Flight'),
('Pacific Wings'),
('FlyGlobal'),
('Southern Jets'),
('Northern Air'),
('Westward Airlines'),
('EastSide Flights'),
('Oceanic Airlines');

-- Insertar datos para tabla MODELO
INSERT INTO MODELO (id_modelo, nombre_modelo) VALUES
(1, 'Boeing 737'),
(2, 'Airbus A320'),
(3, 'Boeing 777'),
(4, 'Airbus A380'),
(5, 'Boeing 787'),
(6, 'Embraer 190'),
(7, 'Airbus A321'),
(8, 'Boeing 747'),
(9, 'Airbus A330'),
(10, 'Bombardier CRJ900');

-- Insertar datos para tabla AVION
INSERT INTO AVION (anio_avion, material_avion, cantidad_pasajeros, id_modelo, compania_id) VALUES
('2015-01-01', 'Aluminio', 180, 1, 1),
('2016-02-02', 'Aluminio', 200, 2, 2),
('2017-03-03', 'Fibra de Carbono', 300, 3, 3),
('2018-04-04', 'Aluminio', 500, 4, 4),
('2019-05-05', 'Fibra de Carbono', 250, 5, 5),
('2020-06-06', 'Titanio', 100, 6, 6),
('2014-07-07', 'Aluminio', 220, 7, 7),
('2013-08-08', 'Aluminio', 400, 8, 8),
('2012-09-09', 'Fibra de Carbono', 280, 9, 9),
('2021-10-10', 'Aluminio', 90, 10, 10),
('2015-01-01', 'Aluminio', 190, 1, 1),
('2015-01-01', 'Aluminio', 200, 2, 2),
('2015-01-01', 'Aluminio', 210, 3, 3),
('2015-01-01', 'Aluminio', 220, 4, 4),
('2015-01-01', 'Aluminio', 230, 5, 5),
('2015-01-01', 'Aluminio', 240, 6, 6),
('2015-01-01', 'Aluminio', 250, 7, 7),
('2015-01-01', 'Aluminio', 260, 8, 8),
('2015-01-01', 'Aluminio', 270, 9, 9),
('2015-01-01', 'Aluminio', 280, 10, 10);

-- Insertar datos para tabla CLIENTE (modificado)
INSERT INTO CLIENTE (nro_documento, nombre, apellido, nacionalidad, compania_id) VALUES
(1, 'NombreCliente1', 'ApellidoCliente1', 'Chile', 1),
(2, 'NombreCliente2', 'ApellidoCliente2', 'Chile', 2),
(3, 'NombreCliente3', 'ApellidoCliente3', 'Chile', 3),
(4, 'NombreCliente4', 'ApellidoCliente4', 'Chile', 4),
(5, 'NombreCliente5', 'ApellidoCliente5', 'Chile', 5),
(6, 'NombreCliente6', 'ApellidoCliente6', 'Chile', 6),
(7, 'NombreCliente7', 'ApellidoCliente7', 'Chile', 7),
(8, 'NombreCliente8', 'ApellidoCliente8', 'Chile', 8),
(9, 'NombreCliente9', 'ApellidoCliente9', 'Chile', 9),
(10, 'NombreCliente10', 'ApellidoCliente10', 'Argentina', 10),

(11, 'NombreCliente11', 'ApellidoCliente11', 'Chile', 1),
(12, 'NombreCliente12', 'ApellidoCliente12', 'Chile', 2),
(13, 'NombreCliente13', 'ApellidoCliente13', 'Chile', 3),
(14, 'NombreCliente14', 'ApellidoCliente14', 'Chile', 4),
(15, 'NombreCliente15', 'ApellidoCliente15', 'Chile', 5),
(16, 'NombreCliente16', 'ApellidoCliente16', 'Chile', 6),
(17, 'NombreCliente17', 'ApellidoCliente17', 'Chile', 7),
(18, 'NombreCliente18', 'ApellidoCliente18', 'Chile', 8),
(19, 'NombreCliente19', 'ApellidoCliente19', 'Chile', 9),
(20, 'NombreCliente20', 'ApellidoCliente20', 'Argentina', 10),

(21, 'NombreCliente21', 'ApellidoCliente21', 'Chile', 1),
(22, 'NombreCliente22', 'ApellidoCliente22', 'Chile', 2),
(23, 'NombreCliente23', 'ApellidoCliente23', 'Chile', 3),
(24, 'NombreCliente24', 'ApellidoCliente24', 'Chile', 4),
(25, 'NombreCliente25', 'ApellidoCliente25', 'Chile', 5),
(26, 'NombreCliente26', 'ApellidoCliente26', 'Chile', 6),
(27, 'NombreCliente27', 'ApellidoCliente27', 'Chile', 7),
(28, 'NombreCliente28', 'ApellidoCliente28', 'Chile', 8),
(29, 'NombreCliente29', 'ApellidoCliente29', 'Chile', 9),
(30, 'NombreCliente30', 'ApellidoCliente30', 'Argentina', 10),

(31, 'NombreCliente31', 'ApellidoCliente31', 'Chile', 1),
(32, 'NombreCliente32', 'ApellidoCliente32', 'Chile', 2),
(33, 'NombreCliente33', 'ApellidoCliente33', 'Chile', 3),
(34, 'NombreCliente34', 'ApellidoCliente34', 'Chile', 4),
(35, 'NombreCliente35', 'ApellidoCliente35', 'Chile', 5),
(36, 'NombreCliente36', 'ApellidoCliente36', 'Chile', 6),
(37, 'NombreCliente37', 'ApellidoCliente37', 'Chile', 7),
(38, 'NombreCliente38', 'ApellidoCliente38', 'Chile', 8),
(39, 'NombreCliente39', 'ApellidoCliente39', 'Chile', 9),
(40, 'NombreCliente40', 'ApellidoCliente40', 'Argentina', 10),

(41, 'NombreCliente41', 'ApellidoCliente41', 'Chile', 1),
(42, 'NombreCliente42', 'ApellidoCliente42', 'Chile', 2),
(43, 'NombreCliente43', 'ApellidoCliente43', 'Chile', 3),
(44, 'NombreCliente44', 'ApellidoCliente44', 'Chile', 4),
(45, 'NombreCliente45', 'ApellidoCliente45', 'Chile', 5),
(46, 'NombreCliente46', 'ApellidoCliente46', 'Chile', 6),
(47, 'NombreCliente47', 'ApellidoCliente47', 'Chile', 7),
(48, 'NombreCliente48', 'ApellidoCliente48', 'Chile', 8),
(49, 'NombreCliente49', 'ApellidoCliente49', 'Chile', 9),
(50, 'NombreCliente50', 'ApellidoCliente50', 'Argentina', 10),

(51, 'NombreCliente51', 'ApellidoCliente51', 'Chile', 1),
(52, 'NombreCliente52', 'ApellidoCliente52', 'Chile', 2),
(53, 'NombreCliente53', 'ApellidoCliente53', 'Chile', 3),
(54, 'NombreCliente54', 'ApellidoCliente54', 'Chile', 4),
(55, 'NombreCliente55', 'ApellidoCliente55', 'Chile', 5),
(56, 'NombreCliente56', 'ApellidoCliente56', 'Chile', 6),
(57, 'NombreCliente57', 'ApellidoCliente57', 'Chile', 7),
(58, 'NombreCliente58', 'ApellidoCliente58', 'Chile', 8),
(59, 'NombreCliente59', 'ApellidoCliente59', 'Chile', 9),
(60, 'NombreCliente60', 'ApellidoCliente60', 'Argentina', 10),

(61, 'NombreCliente61', 'ApellidoCliente61', 'Chile', 1),
(62, 'NombreCliente62', 'ApellidoCliente62', 'Chile', 2),
(63, 'NombreCliente63', 'ApellidoCliente63', 'Chile', 3),
(64, 'NombreCliente64', 'ApellidoCliente64', 'Chile', 4),
(65, 'NombreCliente65', 'ApellidoCliente65', 'Chile', 5),
(66, 'NombreCliente66', 'ApellidoCliente66', 'Chile', 6),
(67, 'NombreCliente67', 'ApellidoCliente67', 'Chile', 7),
(68, 'NombreCliente68', 'ApellidoCliente68', 'Chile', 8),
(69, 'NombreCliente69', 'ApellidoCliente69', 'Chile', 9),
(70, 'NombreCliente70', 'ApellidoCliente70', 'Argentina', 10),

(71, 'NombreCliente71', 'ApellidoCliente71', 'Chile', 1),
(72, 'NombreCliente72', 'ApellidoCliente72', 'Chile', 2),
(73, 'NombreCliente73', 'ApellidoCliente73', 'Chile', 3),
(74, 'NombreCliente74', 'ApellidoCliente74', 'Chile', 4),
(75, 'NombreCliente75', 'ApellidoCliente75', 'Chile', 5),
(76, 'NombreCliente76', 'ApellidoCliente76', 'Chile', 6),
(77, 'NombreCliente77', 'ApellidoCliente77', 'Chile', 7),
(78, 'NombreCliente78', 'ApellidoCliente78', 'Chile', 8),
(79, 'NombreCliente79', 'ApellidoCliente79', 'Chile', 9),
(80, 'NombreCliente80', 'ApellidoCliente80', 'Argentina', 10),

(81, 'NombreCliente81', 'ApellidoCliente81', 'Chile', 1),
(82, 'NombreCliente82', 'ApellidoCliente82', 'Chile', 2),
(83, 'NombreCliente83', 'ApellidoCliente83', 'Chile', 3),
(84, 'NombreCliente84', 'ApellidoCliente84', 'Chile', 4),
(85, 'NombreCliente85', 'ApellidoCliente85', 'Chile', 5),
(86, 'NombreCliente86', 'ApellidoCliente86', 'Chile', 6),
(87, 'NombreCliente87', 'ApellidoCliente87', 'Chile', 7),
(88, 'NombreCliente88', 'ApellidoCliente88', 'Chile', 8),
(89, 'NombreCliente89', 'ApellidoCliente89', 'Chile', 9),
(90, 'NombreCliente90', 'ApellidoCliente90', 'Argentina', 10),

(91, 'NombreCliente91', 'ApellidoCliente91', 'Chile', 1),
(92, 'NombreCliente92', 'ApellidoCliente92', 'Chile', 2),
(93, 'NombreCliente93', 'ApellidoCliente93', 'Chile', 3),
(94, 'NombreCliente94', 'ApellidoCliente94', 'Chile', 4),
(95, 'NombreCliente95', 'ApellidoCliente95', 'Chile', 5),
(96, 'NombreCliente96', 'ApellidoCliente96', 'Chile', 6),
(97, 'NombreCliente97', 'ApellidoCliente97', 'Chile', 7),
(98, 'NombreCliente98', 'ApellidoCliente98', 'Chile', 8),
(99, 'NombreCliente99', 'ApellidoCliente99', 'Chile', 9),
(100, 'NombreCliente100', 'ApellidoCliente100', 'Argentina', 10);

-- Insertar datos para tabla VUELO (modificado)
-- Definimos una lista de destinos para diversificar
-- Destinos: 'LAX', 'JFK', 'EZE', 'MIA'
-- Asignaremos los destinos en orden cíclico

INSERT INTO VUELO (origen, destino, fecha_vuelo, compania_id, id_avion) VALUES
('SCL', 'LAX', '2024-12-01', 1, 1),
('SCL', 'JFK', '2024-12-02', 2, 2),
('SCL', 'EZE', '2024-12-03', 3, 3),
('SCL', 'MIA', '2024-12-04', 4, 4),
('SCL', 'LAX', '2024-12-05', 5, 5),
('SCL', 'JFK', '2024-12-06', 6, 6),
('SCL', 'EZE', '2024-12-07', 7, 7),
('SCL', 'MIA', '2024-12-08', 8, 8),
('SCL', 'LAX', '2024-12-09', 9, 9),
('SCL', 'JFK', '2024-12-10', 10, 10),

('SCL', 'EZE', '2024-12-11', 1, 11),
('SCL', 'MIA', '2024-12-12', 2, 12),
('SCL', 'LAX', '2024-12-13', 3, 13),
('SCL', 'JFK', '2024-12-14', 4, 14),
('SCL', 'EZE', '2024-12-15', 5, 15),
('SCL', 'MIA', '2024-12-16', 6, 16),
('SCL', 'LAX', '2024-12-17', 7, 17),
('SCL', 'JFK', '2024-12-18', 8, 18),
('SCL', 'EZE', '2024-12-19', 9, 19),
('SCL', 'MIA', '2024-12-20', 10, 20),

('SCL', 'LAX', '2024-12-21', 1, 1),
('SCL', 'JFK', '2021-12-22', 2, 2),
('SCL', 'EZE', '2021-12-23', 3, 3),
('SCL', 'MIA', '2021-12-24', 4, 4),
('SCL', 'LAX', '2021-12-25', 5, 5),
('SCL', 'JFK', '2021-12-26', 6, 6),
('SCL', 'EZE', '2021-12-27', 7, 7),
('SCL', 'MIA', '2021-12-28', 8, 8),
('SCL', 'LAX', '2021-12-29', 9, 9),
('SCL', 'JFK', '2024-12-30', 10, 10),

('SCL', 'EZE', '2024-12-31', 1, 11),
('SCL', 'MIA', '2024-12-20', 2, 12),
('SCL', 'LAX', '2024-12-21', 3, 13),
('SCL', 'JFK', '2024-12-22', 4, 14),
('SCL', 'EZE', '2024-12-23', 5, 15),
('SCL', 'MIA', '2024-12-24', 6, 16),
('SCL', 'LAX', '2024-12-25', 7, 17),
('SCL', 'JFK', '2024-12-26', 8, 18),
('SCL', 'EZE', '2024-12-27', 9, 19),
('SCL', 'MIA', '2024-12-28', 10, 20),

('SCL', 'LAX', '2024-12-29', 1, 1),
('SCL', 'JFK', '2024-12-30', 2, 2),
('SCL', 'EZE', '2024-12-31', 3, 3),
('SCL', 'MIA', '2024-12-01', 4, 4),
('SCL', 'LAX', '2024-12-02', 5, 5),
('SCL', 'JFK', '2024-12-03', 6, 6),
('SCL', 'EZE', '2024-12-04', 7, 7),
('SCL', 'MIA', '2024-12-05', 8, 8),
('SCL', 'LAX', '2024-12-06', 9, 9),
('SCL', 'JFK', '2024-12-07', 10, 10);

-- Insertar datos para tabla CLIENTE_COMP (relación entre cliente y vuelo)
INSERT INTO CLIENTE_COMP (nro_documento, vuelo_id) VALUES
(1, 1), (2, 2), (3, 3), (4, 4), (5, 5), (6, 6), (7, 7), (8, 8), (9, 9), (10, 10),
(11, 11), (12, 12), (13, 13), (14, 14), (15, 15), (16, 16), (17, 17), (18, 18), (19, 19), (20, 20),
(21, 21), (22, 22), (23, 23), (24, 24), (25, 25), (26, 26), (27, 27), (28, 28), (29, 29), (30, 30),
(31, 31), (32, 32), (33, 33), (34, 34), (35, 35), (36, 36), (37, 37), (38, 38), (39, 39), (40, 40),
(41, 41), (42, 42), (43, 43), (44, 44), (45, 45), (46, 46), (47, 47), (48, 48), (49, 49), (50, 50),
(51, 1), (52, 2), (53, 3), (54, 4), (55, 5), (56, 6), (57, 7), (58, 8), (59, 9), (60, 10),
(61, 11), (62, 12), (63, 13), (64, 14), (65, 15), (66, 16), (67, 17), (68, 18), (69, 19), (70, 20),
(71, 21), (72, 22), (73, 23), (74, 24), (75, 25), (76, 26), (77, 27), (78, 28), (79, 29), (80, 30),
(81, 31), (82, 32), (83, 33), (84, 34), (85, 35), (86, 36), (87, 37), (88, 38), (89, 39), (90, 40),
(91, 41), (92, 42), (93, 43), (94, 44), (95, 45), (96, 46), (97, 47), (98, 48), (99, 49), (100, 50);

-- Insertar datos para tabla SECCION
INSERT INTO SECCION (id_seccion, tipo_seccion) VALUES
(1, 'Economy'),
(2, 'Business'),
(3, 'First Class');

-- Insertar datos para tabla PASAJE (modificado)
-- Actualizar 'lugar_destino' para que coincida con el destino del vuelo correspondiente
-- Utilizaremos los destinos asignados en los vuelos (LAX, JFK, EZE, MIA)

INSERT INTO PASAJE (id_pasaje, numero_asiento, hora_embarque, lugar_destino, puerta, vuelo_id, id_seccion, nro_documento) VALUES
(1, 'A1', '2024-12-01 10:00:00', 'LAX', 'Puerta A', 1, 1, 1),
(2, 'A2', '2024-12-02 10:00:00', 'JFK', 'Puerta A', 2, 2, 2),
(3, 'A3', '2024-12-03 10:00:00', 'EZE', 'Puerta A', 3, 3, 3),
(4, 'A4', '2024-12-04 10:00:00', 'MIA', 'Puerta A', 4, 1, 4),
(5, 'A5', '2024-12-05 10:00:00', 'LAX', 'Puerta A', 5, 2, 5),
(6, 'A6', '2024-12-06 10:00:00', 'JFK', 'Puerta A', 6, 3, 6),
(7, 'A7', '2024-12-07 10:00:00', 'EZE', 'Puerta A', 7, 1, 7),
(8, 'A8', '2024-12-08 10:00:00', 'MIA', 'Puerta A', 8, 2, 8),
(9, 'A9', '2024-12-09 10:00:00', 'LAX', 'Puerta A', 9, 3, 9),
(10, 'A10', '2024-12-10 10:00:00', 'JFK', 'Puerta A', 10, 1, 10),

(11, 'A11', '2024-12-11 10:00:00', 'EZE', 'Puerta A', 11, 2, 11),
(12, 'A12', '2024-12-12 10:00:00', 'MIA', 'Puerta A', 12, 3, 12),
(13, 'A13', '2024-12-13 10:00:00', 'LAX', 'Puerta A', 13, 1, 13),
(14, 'A14', '2024-12-14 10:00:00', 'JFK', 'Puerta A', 14, 2, 14),
(15, 'A15', '2024-12-15 10:00:00', 'EZE', 'Puerta A', 15, 3, 15),
(16, 'A16', '2024-12-16 10:00:00', 'MIA', 'Puerta A', 16, 1, 16),
(17, 'A17', '2024-12-17 10:00:00', 'LAX', 'Puerta A', 17, 2, 17),
(18, 'A18', '2024-12-18 10:00:00', 'JFK', 'Puerta A', 18, 3, 18),
(19, 'A19', '2024-12-19 10:00:00', 'EZE', 'Puerta A', 19, 1, 19),
(20, 'A20', '2024-12-20 10:00:00', 'MIA', 'Puerta A', 20, 3, 20),
(21, 'A20', '2024-12-21 10:00:00', 'MIA', 'Puerta A', 21, 3, 20),
(22, 'A20', '2024-12-22 10:00:00', 'MIA', 'Puerta A', 22, 3, 20),
(23, 'A20', '2024-12-23 10:00:00', 'MIA', 'Puerta A', 23, 3, 20),
(24, 'A20', '2024-12-24 10:00:00', 'MIA', 'Puerta A', 24, 3, 20);

-- Insertar datos para tabla COSTO
INSERT INTO COSTO (id_costo, monto_costo, id_pasaje) VALUES
(1, 21000, 1),
(2, 22000, 2),
(3, 23000, 3),
(4, 24000, 4),
(5, 25000, 5),
(6, 26000, 6),
(7, 27000, 7),
(8, 28000, 8),
(9, 29000, 9),
(10, 30000, 10),
(11, 31000, 11),
(12, 32000, 12),
(13, 33000, 13),
(14, 34000, 14),
(15, 35000, 15),
(16, 36000, 16),
(17, 37000, 17),
(18, 38000, 18),
(19, 39000, 19),
(20, 40000, 20);

-- Insertar datos para tabla EMPLEADO
INSERT INTO EMPLEADO (nombre_empleado, anios_servicio, cargo_empleado, id_compania) VALUES
('Empleado1', 1, 'Piloto', 1),
('Empleado2', 2, 'Piloto', 2),
('Empleado3', 3, 'Piloto', 3),
('Empleado4', 4, 'Piloto', 4),
('Empleado5', 5, 'Piloto', 5),
('Empleado6', 6, 'Piloto', 6),
('Empleado7', 7, 'Piloto', 7),
('Empleado8', 8, 'Piloto', 8),
('Empleado9', 9, 'Piloto', 9),
('Empleado10', 10, 'Piloto', 10),
('Empleado11', 1, 'Piloto', 1),
('Empleado12', 2, 'Piloto', 2),
('Empleado13', 3, 'Piloto', 3),
('Empleado14', 4, 'Piloto', 4),
('Empleado15', 5, 'Piloto', 5),
('Empleado16', 6, 'Piloto', 6),
('Empleado17', 7, 'Piloto', 7),
('Empleado18', 8, 'Piloto', 8),
('Empleado19', 9, 'Piloto', 9),
('Empleado20', 10, 'Piloto', 10),
('Empleado21', 1, 'Piloto', 1),
('Empleado22', 2, 'Piloto', 2),
('Empleado23', 3, 'Piloto', 3),
('Empleado24', 4, 'Piloto', 4),
('Empleado25', 5, 'Piloto', 5),
('Empleado26', 6, 'Piloto', 6),
('Empleado27', 7, 'Piloto', 7),
('Empleado28', 8, 'Piloto', 8),
('Empleado29', 9, 'Piloto', 9),
('Empleado30', 10, 'Piloto', 10);

-- Insertar datos para tabla SUELDO
INSERT INTO SUELDO (fecha_pago, cantidad_sueldo, id_empleado) VALUES
('2021-10-01 12:00:00', 1050000, 1),
('2021-10-01 12:00:00', 1100000, 2),
('2021-10-01 12:00:00', 1150000, 3),
('2021-10-01 12:00:00', 1200000, 4),
('2022-10-01 12:00:00', 1250000, 5),
('2022-10-01 12:00:00', 1300000, 6),
('2022-10-01 12:00:00', 1350000, 7),
('2022-10-01 12:00:00', 1400000, 8),
('2022-10-01 12:00:00', 1450000, 9),
('2023-10-01 12:00:00', 1500000, 10),
('2023-10-01 12:00:00', 1550000, 11),
('2023-10-01 12:00:00', 1600000, 12),
('2023-10-01 12:00:00', 1650000, 13),
('2024-10-01 12:00:00', 1700000, 14),
('2024-10-01 12:00:00', 1750000, 15),
('2024-10-01 12:00:00', 1800000, 16),
('2024-10-01 12:00:00', 1850000, 17),
('2024-10-01 12:00:00', 1900000, 18),
('2024-10-01 12:00:00', 1950000, 19),
('2024-10-01 12:00:00', 2000000, 20);

-- Insertar datos para tabla EMP_VUELO (empleados asignados a vuelos)
INSERT INTO EMP_VUELO (vuelo_id, id_empleado) VALUES
(1, 1), (2, 2), (3, 3), (4, 4), (5, 5), (6, 6), (7, 7), (8, 8), (9, 9), (10, 10),
(11, 11), (12, 12), (13, 13), (14, 14), (15, 15), (16, 16), (17, 17), (18, 18), (19, 19), (20, 20),
(21, 21), (22, 22), (23, 23), (24, 24), (25, 25), (26, 26), (27, 27), (28, 28), (29, 29), (30, 30);
